#,-1,S,Artiste,Titre,Label,Distributeur,MP,fileDate
1,1,9,Dua Lipa feat. Angèle,Fever,WARNER,WARNER,1,02_01_2021
2,3,15,David Guetta & Sia,Let's Love,PARLOPHONE,WARNER,2,02_01_2021
3,2,17,24kGoldn feat. Iann Dior,Mood,COLUMBIA,SONY,2,02_01_2021
4,4,14,Vianney,Beau-papa,TOT OU TARD,PIAS,3,02_01_2021
5,6,14,BTS,Dynamite,BIGHIT,SONY,5,02_01_2021
6,7,14,Jason Derulo,Take You Dancing,ATLANTIC,WARNER,6,02_01_2021
7,10,10,Ariana Grande,Positions,REPUBLIC,UNIVERSAL,7,02_01_2021
8,5,14,Ava Max,Who's Laughing Now?,ATLANTIC,WARNER,4,02_01_2021
9,15,11,Tate McRae,You Broke Me First,RCA,SONY,9,02_01_2021
10,8,13,Clean Bandit and Mabel feat. 24kGoldn,Tick Tock,ATLANTIC,WARNER,8,02_01_2021
11,9,17,Lucky Luke,Cooler Than Me,B1,SONY,8,02_01_2021
12,11,8,Julien Doré,Nous,COLUMBIA,SONY,11,02_01_2021
13,12,8,Tiësto,The Business,ATLANTIC,WARNER,10,02_01_2021
14,13,11,Banners,Someone To You,ISLAND,UNIVERSAL,11,02_01_2021
15,16,15,Miley Cyrus,Midnight Sky,RCA,SONY,6,02_01_2021
16,17,14,Kendji Girac feat. Gims,Dernier métro,DEF JAM,UNIVERSAL,13,02_01_2021
17,28,3,Indochine feat. Christine And The Queens,3Sex,RCA,SONY,17,02_01_2021
18,14,36,The Weeknd,Blinding Lights,REPUBLIC,UNIVERSAL,1,02_01_2021
19,26,25,Master KG feat. Burna Boy & Nomcebo Zikode,Jerusalema (Remix),ELEKTRA,WARNER,1,02_01_2021
20,22,3,Lil Nas X,Holiday,COLUMBIA,SONY,20,02_01_2021
21,30,4,Kygo x Donna Summer,Hot Stuff,RCA,SONY,21,02_01_2021
22,24,7,Billie Eilish,Therefore I Am,INTERSCOPE,UNIVERSAL,18,02_01_2021
23,21,19,Joel Corry feat. MNEK,Head & Heart,ASYLUM,WARNER,3,02_01_2021
24,36,3,Meduza feat. Dermot Kennedy,Paradise,ISLAND,UNIVERSAL,24,02_01_2021
25,18,11,Lost Frequencies & Mathieu Koss,Don't Leave Me Now,MOSTIKO,CNR,18,02_01_2021
26,29,5,Maître Gims,Jusqu'ici tout va bien,PLAY TWO,SONY,21,02_01_2021
27,20,7,Kylie Minogue,Magic,BMG RIGHTS,WARNER/ADA,20,02_01_2021
28,23,22,Amel Bent x Imen Es,Jusqu'au bout,DEF JAM,UNIVERSAL,6,02_01_2021
29,31,6,Henri PFR x Famba feat. Chiara Castelli,No One Knows,SPINNIN',WARNER,27,02_01_2021
30,NEW,1,Ed Sheeran,Afterglow,ATLANTIC,WARNER,30,02_01_2021
31,19,11,Shawn Mendes,Wonder,ISLAND,UNIVERSAL,15,02_01_2021
32,RE,3,Amir [FR],On verra bien,PARLOPHONE,WARNER,32,02_01_2021
33,27,6,Maluma & The Weeknd,Hawái (Remix),SONY LATIN,SONY,27,02_01_2021
34,48,2,Laura Tesoro & Loïc Nottet feat. Alex Germys,Strangers,SONY,SONY,34,02_01_2021
35,35,5,HVME,Goosebumps,B1,SONY,35,02_01_2021
36,37,12,Internet Money & Gunna feat. Don Toliver & Nav,Lemonade,CAROLINE,UNIVERSAL,29,02_01_2021
37,33,20,Sch - Kofs - Jul - Naps - Soso Maness - Elams - Solda -Houari,Bande organisée,RIEN 100 RIEN,PIAS,2,02_01_2021
38,32,3,Jul & Sch,Mother Fuck,D'OR ET DEPLATINE,PIAS,32,02_01_2021
39,25,15,Naza feat. Niska,Joli bébé,CAPIROLESQUE,CAPIROLESQUE,17,02_01_2021
40,44,7,Ofenbach & Quarterhead feat. Norma Jean Martine,Head Shoulders Knees &Toes,SPINNIN',WARNER,40,02_01_2021
41,43,28,Grand Corps Malade & Camille Lellouche,Mais je t'aime,CAROLINE,UNIVERSAL,12,02_01_2021
42,RE,6,Mika & Soprano,Le cœur Holiday,REPUBLIC,UNIVERSAL,28,02_01_2021
43,NEW,1,Calogero,Celui d'en bas,POLYDOR,UNIVERSAL,43,02_01_2021
44,39,27,Zoe Wees,Control,CAROLINE,UNIVERSAL,3,02_01_2021
45,34,13,Justin Bieber feat. Chance The Rapper,Holy,DEF JAM,UNIVERSAL,18,02_01_2021
46,50,9,Justin Bieber & Benny Blanco,Lonely,DEFJAM/INTERSCOPE,UNIVERSAL,37,02_01_2021
47,47,9,Dadju,Amour toxic,POLYDOR,UNIVERSAL,30,02_01_2021
48,42,2,Shawn Mendes / Justin Bieber,Monster,ISLAND,UNIVERSAL,42,02_01_2021
49,38,2,Suarez feat. Maria Del Rio,Feliz Navidad,LABEL ET LABET,PIAS,38,02_01_2021
50,NEW,1,Miley Cyrus feat. Dua Lipa,Prisoner,RCA/WARNER,SONY/WARNER,50,02_01_2021
1,1,5,Dua Lipa feat. Angèle,Fever,WARNER,WARNER,1,05_12_2020
2,2,13,24kGoldn feat. Iann Dior,Mood,COLUMBIA,SONY,2,05_12_2020
3,3,11,David Guetta & Sia,Let's Love,PARLOPHONE,WARNER,3,05_12_2020
4,5,10,Vianney,Beau-papa,TOT OU TARD,PIAS,4,05_12_2020
5,6,15,Joel Corry feat. MNEK,Head & Heart,ASYLUM,WARNER,3,05_12_2020
6,13,11,Miley Cyrus,Midnight Sky,RCA,SONY,6,05_12_2020
7,4,10,Ava Max,Who's Laughing Now?,ATLANTIC,WARNER,4,05_12_2020
8,15,9,Clean Bandit and Mabel feat. 24kGoldn,Tick Tock,ATLANTIC,WARNER,8,05_12_2020
9,7,18,Amel Bent x Imen Es,Jusqu'au bout,DEF JAM,UNIVERSAL,6,05_12_2020
10,9,10,Jason Derulo,Take You Dancing,ATLANTIC,WARNER,9,05_12_2020
11,10,6,Ariana Grande,Positions,REPUBLIC,UNIVERSAL,10,05_12_2020
12,12,13,Lucky Luke,Cooler Than Me,B1,SONY,8,05_12_2020
13,14,21,Master KG feat. Burna Boy & Nomcebo Zikode,Jerusalema (Remix),ELEKTRA,WARNER,1,05_12_2020
14,8,10,BTS,Dynamite,BIGHIT,SONY,8,05_12_2020
15,25,10,Kendji Girac feat. Gims,Dernier métro,DEF JAM,UNIVERSAL,13,05_12_2020
16,11,7,Banners,Someone To You,ISLAND,UNIVERSAL,11,05_12_2020
17,20,4,Julien Doré,Nous,COLUMBIA,SONY,17,05_12_2020
18,16,12,Kygo x Tina Turner,What's Love Got To DoWith It,SONY,SONY,6,05_12_2020
19,21,7,Tate McRae,You Broke Me First,RCA,SONY,19,05_12_2020
20,17,7,Shawn Mendes,Wonder,ISLAND,UNIVERSAL,17,05_12_2020
21,24,23,Zoe Wees,Control,CAROLINE,UNIVERSAL,3,05_12_2020
22,19,16,Sch - Kofs - Jul - Naps - Soso Maness - Elams - Solda -Houari,Bande organisée,RIEN 100 RIEN,PIAS,2,05_12_2020
23,32,4,Tiësto,The Business,ATLANTIC,WARNER,23,05_12_2020
24,37,3,Kylie Minogue,Magic,BMG RIGHTS,WARNER/ADA,24,05_12_2020
25,27,7,Lost Frequencies & Mathieu Koss,Don't Leave Me Now,MOSTIKO,CNR,25,05_12_2020
26,18,9,Justin Bieber feat. Chance The Rapper,Holy,DEF JAM,UNIVERSAL,18,05_12_2020
27,NEW,1,Dinos feat. Nekfeu,Moins un,CAPITOL,UNIVERSAL,27,05_12_2020
28,28,8,Vitaa & Slimane,Ça ira,DEF JAM,UNIVERSAL,20,05_12_2020
29,34,8,Sam Smith,Diamonds,CAPITOL,UNIVERSAL,26,05_12_2020
30,29,8,Internet Money & Gunna feat. Don Toliver & Nav,Lemonade,CAROLINE,UNIVERSAL,29,05_12_2020
31,22,11,Naza feat. Niska,Joli bébé,CAPIROLESQUE,CAPIROLESQUE,17,05_12_2020
32,33,3,Mika & Soprano,Le cœur Holiday,REPUBLIC,UNIVERSAL,32,05_12_2020
33,30,5,Dadju,Amour toxic,POLYDOR,UNIVERSAL,30,05_12_2020
34,31,4,Alliel,Ce qui nous rend fous,PARLOPHONE,WARNER,31,05_12_2020
35,43,4,Black Eyed Peas x Nicky Jam x Tyga,Vida loca,EPIC,SONY,35,05_12_2020
36,42,2,Henri PFR x Famba feat. Chiara Castelli,No One Knows,SPINNIN',WARNER,36,05_12_2020
37,26,3,Billie Eilish,Therefore I Am,INTERSCOPE,UNIVERSAL,26,05_12_2020
38,NEW,1,Twocolors,Lovefool,VIRGIN,UNIVERSAL,38,05_12_2020
39,39,5,Justin Bieber & Benny Blanco,Lonely,DEFJAM/INTERSCOPE,UNIVERSAL,37,05_12_2020
40,38,6,Koba LaD feat. Maes & Zed,Coffre plein,CAPITOL,UNIVERSAL,7,05_12_2020
41,36,2,Aya Nakamura feat. Stormzy,Plus jamais,REC. 118,WARNER,36,05_12_2020
42,47,2,Maluma & The Weeknd,Hawái (Remix),SONY LATIN,SONY,42,05_12_2020
43,NEW,1,Vald,Gotaga,ECHELON,SONY,43,05_12_2020
44,41,24,Grand Corps Malade & Camille Lellouche,Mais je t'aime,CAROLINE,UNIVERSAL,12,05_12_2020
45,49,2,Dadju feat. Tiakola,Dieu merci,POLYDOR,UNIVERSAL,45,05_12_2020
46,48,3,Ofenbach & Quarterhead feat. Norma Jean Martine,Head Shoulders Knees &Toes,SPINNIN',WARNER,46,05_12_2020
47,NEW,1,Maître Gims,Jusqu'ici tout va bien,PLAY TWO,SONY,47,05_12_2020
48,NEW,1,HVME,Goosebumps,B1,SONY,48,05_12_2020
49,23,2,Zola feat. Sch,9 1 1 3,AWA,SONY,23,05_12_2020
50,44,5,Lucenzo,No me ama,PLAY TWO,WARNER,37,05_12_2020
1,1,14,Dua Lipa feat. Angèle,Fever,WARNER,WARNER,1,06_02_2021
2,3,20,David Guetta & Sia,Let's Love,PARLOPHONE,WARNER,2,06_02_2021
3,5,13,Tiësto,The Business,ATLANTIC,WARNER,3,06_02_2021
4,4,16,Tate McRae,You Broke Me First,RCA,SONY,4,06_02_2021
5,7,19,BTS,Dynamite,BIGHIT,SONY,3,06_02_2021
6,6,15,Ariana Grande,Positions,REPUBLIC,UNIVERSAL,6,06_02_2021
7,2,19,Vianney,Beau-papa,TOT OU TARD,PIAS,2,06_02_2021
8,8,13,Julien Doré,Nous,COLUMBIA,SONY,7,06_02_2021
9,17,4,Black Eyed Peas x Shakira,Girl Like Me,EPIC,SONY,9,06_02_2021
10,10,9,Kygo x Donna Summer,Hot Stuff,RCA,SONY,10,06_02_2021
11,13,3,Olivia Rodrigo,Drivers License,GEFFEN,UNIVERSAL,11,06_02_2021
12,14,10,Maître Gims,Jusqu'ici tout va bien,PLAY TWO,SONY,12,06_02_2021
13,15,22,24kGoldn feat. Iann Dior,Mood,COLUMBIA,SONY,2,06_02_2021
14,9,8,Indochine feat. Christine And The Queens,3Sex,RCA,SONY,8,06_02_2021
15,12,7,Laura Tesoro & Loïc Nottet feat. Alex Germys,Strangers,SONY,SONY,12,06_02_2021
16,16,8,Meduza feat. Dermot Kennedy,Paradise,ISLAND,UNIVERSAL,16,06_02_2021
17,11,19,Jason Derulo,Take You Dancing,ATLANTIC,WARNER,6,06_02_2021
18,19,10,HVME,Goosebumps,B1,SONY,18,06_02_2021
19,21,5,Robin Schulz feat. Kiddo,All We Got,WARNER,WARNER,19,06_02_2021
20,20,16,Banners,Someone To You,ISLAND,UNIVERSAL,11,06_02_2021
21,26,11,Henri PFR x Famba feat. Chiara Castelli,No One Knows,SPINNIN',SPINNIN',21,06_02_2021
22,34,3,Ava Max,My Head & My Heart,ATLANTIC,WARNER,22,06_02_2021
23,23,19,Kendji Girac feat. Gims,Dernier métro,DEF JAM,UNIVERSAL,11,06_02_2021
24,18,8,Lil Nas X,Holiday,COLUMBIA,SONY,17,06_02_2021
25,22,12,Kylie Minogue,Magic,BMG RIGHTS,WARNER/ADA,19,06_02_2021
26,39,3,Vitaa & Slimane,De l'or,DEF JAM,UNIVERSAL,26,06_02_2021
27,NEW,1,Booba,Ratpi World,CAPITOL,UNIVERSAL,27,06_02_2021
28,41,3,Grand Corps Malade,Pas essentiel,CAROLINE,UNIVERSAL,28,06_02_2021
29,28,18,Clean Bandit and Mabel feat. 24kGoldn,Tick Tock,ATLANTIC,WARNER,8,06_02_2021
30,33,2,Jason Derulo x Nuka,Love Not War (The Tampa Beat),ROBOTS & HUMANS,SONY,30,06_02_2021
31,49,2,The Weeknd,Save Your Tears,REPUBLIC,UNIVERSAL,31,06_02_2021
32,27,3,Tones And I,Fly Away,ELEKTRA,WARNER,27,06_02_2021
33,32,5,Ed Sheeran,Afterglow,ATLANTIC,WARNER,30,06_02_2021
34,36,4,Bad Bunny x Jhay Cortez,Dákiti,RIMAS,RIMAS,34,06_02_2021
35,24,12,Billie Eilish,Therefore I Am,INTERSCOPE,UNIVERSAL,14,06_02_2021
36,44,5,Calogero,Celui d'en bas,POLYDOR,UNIVERSAL,36,06_02_2021
37,29,8,Amir [FR],On verra bien,PARLOPHONE,WARNER,29,06_02_2021
38,NEW,1,Sia,Courage To Change,ATLANTIC,WARNER,38,06_02_2021
39,RE,2,Suarez,Céleste,LABEL ET LABET,PIAS,39,06_02_2021
40,45,2,The Kid Laroi,Without You,COLUMBIA,SONY,40,06_02_2021
41,NEW,1,Les Enfoirés,Maintenant,COLUMBIA,SONY,41,06_02_2021
42,25,19,Ava Max,Who's Laughing Now?,ATLANTIC,WARNER,4,06_02_2021
43,RE,14,Sam Smith,Diamonds,CAPITOL,UNIVERSAL,26,06_02_2021
44,47,20,Miley Cyrus,Midnight Sky,RCA,SONY,6,06_02_2021
45,42,30,Master KG feat. Burna Boy & Nomcebo Zikode,Jerusalema (Remix),ELEKTRA,WARNER,1,06_02_2021
46,31,3,Miley Cyrus feat. Dua Lipa,Prisoner,RCA/WARNER,SONY/WARNER,31,06_02_2021
47,RE,2,Amel Bent & Hatik,"1,2,3",DEF JAM,UNIVERSAL,39,06_02_2021
48,46,11,Justin Bieber & Benny Blanco,Lonely,DEF JAM/INTERSCOPE,UNIVERSAL,37,06_02_2021
49,37,7,Shawn Mendes / Justin Bieber,Monster,ISLAND,UNIVERSAL,37,06_02_2021
50,40,5,Louane,Désolée,MERCURY,UNIVERSAL,36,06_02_2021
1,2,6,The Weeknd,Save Your Tears,REPUBLIC,UNIVERSAL,1,06_03_2021
2,1,18,Dua Lipa feat. Angèle,Fever,WARNER,WARNER,1,06_03_2021
3,4,17,Tiësto,The Business,ATLANTIC,WARNER,2,06_03_2021
4,3,8,Black Eyed Peas x Shakira,Girl Like Me,EPIC,SONY,3,06_03_2021
5,5,7,Olivia Rodrigo,Drivers License,GEFFEN,UNIVERSAL,5,06_03_2021
6,6,20,Tate McRae,You Broke Me First,RCA,SONY,3,06_03_2021
7,NEW,1,Tayc,Le temps,PLAY TWO,WARNER,7,06_03_2021
8,8,11,Laura Tesoro & Loïc Nottet feat. Alex Germys,Strangers,SONY,SONY,4,06_03_2021
9,11,13,Kygo x Donna Summer,Hot Stuff,RCA,SONY,7,06_03_2021
10,27,4,Riton x Nightcrawlers feat. Mufasa & Hypeman,Friday (Dopamine Re-Edit),MINISTRY OF SOUND,SONY,10,06_03_2021
11,12,9,Ed Sheeran,Afterglow,ATLANTIC,WARNER,8,06_03_2021
12,13,6,Jason Derulo x Nuka,Love Not War (The Tampa Beat),ROBOTS & HUMANS,SONY,12,06_03_2021
13,10,9,Robin Schulz feat. Kiddo,All We Got,WARNER,WARNER,10,06_03_2021
14,16,12,Meduza feat. Dermot Kennedy,Paradise,ISLAND,UNIVERSAL,13,06_03_2021
15,7,14,Maître Gims,Jusqu'ici tout va bien,PLAY TWO,SONY,7,06_03_2021
16,15,5,Sia,Courage To Change,ATLANTIC,WARNER,15,06_03_2021
17,21,5,Les Enfoirés,Maintenant,COLUMBIA,SONY,17,06_03_2021
18,14,17,Julien Doré,Nous,COLUMBIA,SONY,7,06_03_2021
19,20,7,Ava Max,My Head & My Heart,ATLANTIC,WARNER,17,06_03_2021
20,9,19,Ariana Grande,Positions,REPUBLIC,UNIVERSAL,6,06_03_2021
21,23,7,Vitaa & Slimane,De l'or,DEF JAM,UNIVERSAL,21,06_03_2021
22,17,12,Indochine feat. Christine And The Queens,3Sex,RCA,SONY,8,06_03_2021
23,19,6,The Kid Laroi,Without You,COLUMBIA,SONY,19,06_03_2021
24,25,4,Ykons,Sequoia Trees,BLUE MILK,TEAM 4 ACTION,24,06_03_2021
25,37,3,Kendji Girac,Évidemment,DEF JAM,UNIVERSAL,25,06_03_2021
26,22,8,Bad Bunny x Jhay Cortez,Dákiti,RIMAS,RIMAS,22,06_03_2021
27,28,26,24kGoldn feat. Iann Dior,Mood,COLUMBIA,SONY,2,06_03_2021
28,36,3,atb x Topic x A7S,Your Love (9PM),RIDE,RIDE,28,06_03_2021
29,29,9,Calogero,Celui d'en bas,POLYDOR,UNIVERSAL,23,06_03_2021
30,31,24,David Guetta & Sia,Let's Love,PARLOPHONE,WARNER,2,06_03_2021
31,32,6,Amel Bent & Hatik,"1,2,3",DEF JAM,UNIVERSAL,31,06_03_2021
32,30,6,Suarez,Céleste,LABEL ET LABET,PIAS,30,06_03_2021
33,RE,2,Justin Bieber,Anyone,DEF JAM,UNIVERSAL,33,06_03_2021
34,34,6,Dadju feat. Tiakola,Dieu merci,POLYDOR,UNIVERSAL,34,06_03_2021
35,40,2,Ashnikko feat. Kelis,Deal With It,PARLOPHONE,WARNER,35,06_03_2021
36,35,23,BTS,Dynamite,BIGHIT,SONY,3,06_03_2021
37,33,2,JC Stewart,Break My Heart,WARNER,WARNER,33,06_03_2021
38,39,3,Delta [BE],Nirvana,BMG RIGHTS,UNIVERSAL,38,06_03_2021
39,18,14,HVME,Goosebumps,B1,SONY,18,06_03_2021
40,48,2,Kid Noize feat. Gio Kemper,Monster Next Door,UNIVERSAL,UNIVERSAL,40,06_03_2021
41,NEW,1,Ofenbach feat. Lagique,Wasted Love,ELEKTRA,WARNER,41,06_03_2021
42,43,5,Julie Zenatti,Paisiblement fou,VICTOR'S SONG,VICTOR'S SONG,38,06_03_2021
43,24,23,Vianney,Beau-papa,TOT OU TARD,PIAS,2,06_03_2021
44,45,2,Shane Codd,Get Out My Head,POLYDOR,UNIVERSAL,44,06_03_2021
45,47,2,CJ,Whoopty,CJ,WARNER,45,06_03_2021
46,44,25,Joel Corry feat. MNEK,Head & Heart,ASYLUM,WARNER,3,06_03_2021
47,RE,31,Grand Corps Malade & Camille Lellouche,Mais je t'aime,VIRGIN,UNIVERSAL,12,06_03_2021
48,41,40,The Weeknd,Blinding Lights,REPUBLIC,UNIVERSAL,1,06_03_2021
49,46,29,Amel Bent x Imen Es,Jusqu'au bout,DEF JAM,UNIVERSAL,6,06_03_2021
50,NEW,1,Antoine Delie,Dis-moi,BMG RIGHTS,WARNER/ADA,50,06_03_2021
1,1,10,Dua Lipa feat. Angèle,Fever,WARNER,WARNER,1,09_01_2021
2,3,18,24kGoldn feat. Iann Dior,Mood,COLUMBIA,SONY,2,09_01_2021
3,2,16,David Guetta & Sia,Let's Love,PARLOPHONE,WARNER,2,09_01_2021
4,5,15,BTS,Dynamite,BIGHIT,SONY,4,09_01_2021
5,4,15,Vianney,Beau-papa,TOT OU TARD,PIAS,3,09_01_2021
6,7,11,Ariana Grande,Positions,REPUBLIC,UNIVERSAL,6,09_01_2021
7,6,15,Jason Derulo,Take You Dancing,ATLANTIC,WARNER,6,09_01_2021
8,9,12,Tate McRae,You Broke Me First,RCA,SONY,8,09_01_2021
9,11,18,Lucky Luke,Cooler Than Me,B1,SONY,8,09_01_2021
10,10,14,Clean Bandit and Mabel feat. 24kGoldn,Tick Tock,ATLANTIC,WARNER,8,09_01_2021
11,8,15,Ava Max,Who's Laughing Now?,ATLANTIC,WARNER,4,09_01_2021
12,13,9,Tiësto,The Business,ATLANTIC,WARNER,10,09_01_2021
13,12,9,Julien Doré,Nous,COLUMBIA,SONY,11,09_01_2021
14,15,16,Miley Cyrus,Midnight Sky,RCA,SONY,6,09_01_2021
15,16,15,Kendji Girac feat. Gims,Dernier métro,DEF JAM,UNIVERSAL,13,09_01_2021
16,17,4,Indochine feat. Christine And The Queens,3Sex,RCA,SONY,16,09_01_2021
17,20,4,Lil Nas X,Holiday,COLUMBIA,SONY,17,09_01_2021
18,22,8,Billie Eilish,Therefore I Am,INTERSCOPE,UNIVERSAL,18,09_01_2021
19,14,12,Banners,Someone To You,ISLAND,UNIVERSAL,11,09_01_2021
20,23,20,Joel Corry feat. MNEK,Head & Heart,ASYLUM,WARNER,3,09_01_2021
21,28,23,Amel Bent x Imen Es,Jusqu'au bout,DEF JAM,UNIVERSAL,6,09_01_2021
22,21,5,Kygo x Donna Summer,Hot Stuff,RCA,SONY,21,09_01_2021
23,24,4,Meduza feat. Dermot Kennedy,Paradise,ISLAND,UNIVERSAL,23,09_01_2021
24,19,26,Master KG feat. Burna Boy & Nomcebo Zikode,Jerusalema (Remix),ELEKTRA,WARNER,1,09_01_2021
25,31,12,Shawn Mendes,Wonder,ISLAND,UNIVERSAL,15,09_01_2021
26,29,7,Henri PFR x Famba feat. Chiara Castelli,No One Knows,SPINNIN',WARNER,26,09_01_2021
27,26,6,Maître Gims,Jusqu'ici tout va bien,PLAY TWO,SONY,21,09_01_2021
28,37,21,Sch - Kofs - Jul - Naps - Soso Maness - Elams - Solda -Houari,Bande organisée,RIEN 100 RIEN,PIAS,2,09_01_2021
29,18,37,The Weeknd,Blinding Lights,REPUBLIC,UNIVERSAL,1,09_01_2021
30,35,6,HVME,Goosebumps,B1,SONY,30,09_01_2021
31,33,7,Maluma & The Weeknd,Hawái (Remix),SONY LATIN,SONY,27,09_01_2021
32,27,8,Kylie Minogue,Magic,BMG RIGHTS,WARNER/ADA,20,09_01_2021
33,38,4,Jul & Sch,Mother Fuck,D'OR ET DEPLATINE,PIAS,32,09_01_2021
34,25,12,Lost Frequencies & Mathieu Koss,Don't Leave Me Now,MOSTIKO,CNR,18,09_01_2021
35,34,3,Laura Tesoro & Loïc Nottet feat. Alex Germys,Strangers,SONY,SONY,34,09_01_2021
36,36,13,Internet Money & Gunna feat. Don Toliver & Nav,Lemonade,CAROLINE,UNIVERSAL,29,09_01_2021
37,32,4,Amir [FR],On verra bien,PARLOPHONE,WARNER,32,09_01_2021
38,40,8,Ofenbach & Quarterhead feat. Norma Jean Martine,Head Shoulders Knees &Toes,SPINNIN',WARNER,38,09_01_2021
39,41,29,Grand Corps Malade & Camille Lellouche,Mais je t'aime,CAROLINE,UNIVERSAL,12,09_01_2021
40,39,16,Naza feat. Niska,Joli bébé,CAPIROLESQUE,CAPIROLESQUE,17,09_01_2021
41,48,3,Shawn Mendes / Justin Bieber,Monster,ISLAND,UNIVERSAL,41,09_01_2021
42,30,2,Ed Sheeran,Afterglow,ATLANTIC,WARNER,30,09_01_2021
43,RE,11,Sam Smith,Diamonds,CAPITOL,UNIVERSAL,26,09_01_2021
44,NEW,1,Robin Schulz feat. Kiddo,All We Got,WARNER,WARNER,44,09_01_2021
45,42,7,Mika & Soprano,Le cœur Holiday,REPUBLIC,UNIVERSAL,28,09_01_2021
46,44,28,Zoe Wees,Control,CAROLINE,UNIVERSAL,3,09_01_2021
47,RE,4,Eva [FR],Cœur noir,ALDAM,UNIVERSAL,32,09_01_2021
48,RE,5,Dua Lipa feat. DaBaby,Levitating,WARNER,WARNER,27,09_01_2021
49,RE,6,Aya Nakamura feat. Stormzy,Plus jamais,REC. 118,WARNER,36,09_01_2021
50,NEW,1,Bad Bunny x Jhay Cortez,Dákiti,RIMAS,RIMAS,50,09_01_2021
1,1,6,Dua Lipa feat. Angèle,Fever,WARNER,WARNER,1,12_12_2020
2,3,12,David Guetta & Sia,Let's Love,PARLOPHONE,WARNER,2,12_12_2020
3,2,14,24kGoldn feat. Iann Dior,Mood,COLUMBIA,SONY,2,12_12_2020
4,7,11,Ava Max,Who's Laughing Now?,ATLANTIC,WARNER,4,12_12_2020
5,4,11,Vianney,Beau-papa,TOT OU TARD,PIAS,4,12_12_2020
6,9,19,Amel Bent x Imen Es,Jusqu'au bout,DEF JAM,UNIVERSAL,6,12_12_2020
7,11,7,Ariana Grande,Positions,REPUBLIC,UNIVERSAL,7,12_12_2020
8,10,11,Jason Derulo,Take You Dancing,ATLANTIC,WARNER,8,12_12_2020
9,6,12,Miley Cyrus,Midnight Sky,RCA,SONY,6,12_12_2020
10,12,14,Lucky Luke,Cooler Than Me,B1,SONY,8,12_12_2020
11,8,10,Clean Bandit and Mabel feat. 24kGoldn,Tick Tock,ATLANTIC,WARNER,8,12_12_2020
12,17,5,Julien Doré,Nous,COLUMBIA,SONY,12,12_12_2020
13,14,11,BTS,Dynamite,BIGHIT,SONY,8,12_12_2020
14,16,8,Banners,Someone To You,ISLAND,UNIVERSAL,11,12_12_2020
15,20,8,Shawn Mendes,Wonder,ISLAND,UNIVERSAL,15,12_12_2020
16,19,8,Tate McRae,You Broke Me First,RCA,SONY,16,12_12_2020
17,15,11,Kendji Girac feat. Gims,Dernier métro,DEF JAM,UNIVERSAL,13,12_12_2020
18,23,5,Tiësto,The Business,ATLANTIC,WARNER,18,12_12_2020
19,5,16,Joel Corry feat. MNEK,Head & Heart,ASYLUM,WARNER,3,12_12_2020
20,24,4,Kylie Minogue,Magic,BMG RIGHTS,WARNER/ADA,20,12_12_2020
21,18,13,Kygo x Tina Turner,What's Love Got To DoWith It,SONY,SONY,6,12_12_2020
22,22,17,Sch - Kofs - Jul - Naps - Soso Maness - Elams - Solda -Houari,Bande organisée,RIEN 100 RIEN,PIAS,2,12_12_2020
23,37,4,Billie Eilish,Therefore I Am,INTERSCOPE,UNIVERSAL,23,12_12_2020
24,25,8,Lost Frequencies & Mathieu Koss,Don't Leave Me Now,MOSTIKO,CNR,24,12_12_2020
25,26,10,Justin Bieber feat. Chance The Rapper,Holy,DEF JAM,UNIVERSAL,18,12_12_2020
26,13,22,Master KG feat. Burna Boy & Nomcebo Zikode,Jerusalema (Remix),ELEKTRA,WARNER,1,12_12_2020
27,21,24,Zoe Wees,Control,CAROLINE,UNIVERSAL,3,12_12_2020
28,47,2,Maître Gims,Jusqu'ici tout va bien,PLAY TWO,SONY,28,12_12_2020
29,30,9,Internet Money & Gunna feat. Don Toliver & Nav,Lemonade,CAROLINE,UNIVERSAL,29,12_12_2020
30,34,5,Alliel,Ce qui nous rend fous,PARLOPHONE,WARNER,30,12_12_2020
31,32,4,Mika & Soprano,Le cœur Holiday,REPUBLIC,UNIVERSAL,31,12_12_2020
32,NEW,1,Eva [FR],Cœur noir,ALDAM,UNIVERSAL,32,12_12_2020
33,31,12,Naza feat. Niska,Joli bébé,CAPIROLESQUE,CAPIROLESQUE,17,12_12_2020
34,36,3,Henri PFR x Famba feat. Chiara Castelli,No One Knows,SPINNIN',WARNER,34,12_12_2020
35,RE,33,The Weeknd,Blinding Lights,REPUBLIC,UNIVERSAL,1,12_12_2020
36,29,9,Sam Smith,Diamonds,CAPITOL,UNIVERSAL,26,12_12_2020
37,41,3,Aya Nakamura feat. Stormzy,Plus jamais,REC. 118,WARNER,36,12_12_2020
38,33,6,Dadju,Amour toxic,POLYDOR,UNIVERSAL,30,12_12_2020
39,NEW,1,Kygo x Donna Summer,Hot Stuff,RCA,SONY,39,12_12_2020
40,48,2,HVME,Goosebumps,B1,SONY,40,12_12_2020
41,44,25,Grand Corps Malade & Camille Lellouche,Mais je t'aime,CAROLINE,UNIVERSAL,12,12_12_2020
42,38,2,Twocolors,Lovefool,VIRGIN,UNIVERSAL,38,12_12_2020
43,46,4,Ofenbach & Quarterhead feat. Norma Jean Martine,Head Shoulders Knees &Toes,SPINNIN',WARNER,43,12_12_2020
44,NEW,1,Amir [FR],On verra bien,PARLOPHONE,WARNER,44,12_12_2020
45,27,2,Dinos feat. Nekfeu,Moins un,CAPITOL,UNIVERSAL,27,12_12_2020
46,42,3,Maluma & The Weeknd,Hawái (Remix),SONY LATIN,SONY,42,12_12_2020
47,NEW,1,M. Pokora,S'en aller,TF1,SONY,47,12_12_2020
48,39,6,Justin Bieber & Benny Blanco,Lonely,DEFJAM/INTERSCOPE,UNIVERSAL,37,12_12_2020
49,RE,41,SAINt JHN,Roses (Imanbek Remix),B1,SONY,1,12_12_2020
50,45,3,Dadju feat. Tiakola,Dieu merci,POLYDOR,UNIVERSAL,45,12_12_2020
1,1,15,Dua Lipa feat. Angèle,Fever,WARNER,WARNER,1,13_02_2021
2,3,14,Tiësto,The Business,ATLANTIC,WARNER,2,13_02_2021
3,4,17,Tate McRae,You Broke Me First,RCA,SONY,3,13_02_2021
4,15,8,Laura Tesoro & Loïc Nottet feat. Alex Germys,Strangers,SONY,SONY,4,13_02_2021
5,9,5,Black Eyed Peas x Shakira,Girl Like Me,EPIC,SONY,5,13_02_2021
6,11,4,Olivia Rodrigo,Drivers License,GEFFEN,UNIVERSAL,6,13_02_2021
7,10,10,Kygo x Donna Summer,Hot Stuff,RCA,SONY,7,13_02_2021
8,8,14,Julien Doré,Nous,COLUMBIA,SONY,7,13_02_2021
9,14,9,Indochine feat. Christine And The Queens,3Sex,RCA,SONY,8,13_02_2021
10,12,11,Maître Gims,Jusqu'ici tout va bien,PLAY TWO,SONY,10,13_02_2021
11,19,6,Robin Schulz feat. Kiddo,All We Got,WARNER,WARNER,11,13_02_2021
12,6,16,Ariana Grande,Positions,REPUBLIC,UNIVERSAL,6,13_02_2021
13,16,9,Meduza feat. Dermot Kennedy,Paradise,ISLAND,UNIVERSAL,13,13_02_2021
14,7,20,Vianney,Beau-papa,TOT OU TARD,PIAS,2,13_02_2021
15,31,3,The Weeknd,Save Your Tears,REPUBLIC,UNIVERSAL,15,13_02_2021
16,24,9,Lil Nas X,Holiday,COLUMBIA,SONY,16,13_02_2021
17,33,6,Ed Sheeran,Afterglow,ATLANTIC,WARNER,17,13_02_2021
18,18,11,HVME,Goosebumps,B1,SONY,18,13_02_2021
19,21,12,Henri PFR x Famba feat. Chiara Castelli,No One Knows,SPINNIN',SPINNIN',19,13_02_2021
20,22,4,Ava Max,My Head & My Heart,ATLANTIC,WARNER,20,13_02_2021
21,2,21,David Guetta & Sia,Let's Love,PARLOPHONE,WARNER,2,13_02_2021
22,30,3,Jason Derulo x Nuka,Love Not War (The Tampa Beat),ROBOTS & HUMANS,SONY,22,13_02_2021
23,26,4,Vitaa & Slimane,De l'or,DEF JAM,UNIVERSAL,23,13_02_2021
24,17,20,Jason Derulo,Take You Dancing,ATLANTIC,WARNER,6,13_02_2021
25,NEW,1,Hamza feat. Zed,Réel,REC. 118,WARNER,25,13_02_2021
26,28,4,Grand Corps Malade,Pas essentiel,CAROLINE,UNIVERSAL,26,13_02_2021
27,20,17,Banners,Someone To You,ISLAND,UNIVERSAL,11,13_02_2021
28,5,20,BTS,Dynamite,BIGHIT,SONY,3,13_02_2021
29,29,19,Clean Bandit and Mabel feat. 24kGoldn,Tick Tock,ATLANTIC,WARNER,8,13_02_2021
30,NEW,1,Sch,Marché noir,REC. 118,WARNER,30,13_02_2021
31,13,23,24kGoldn feat. Iann Dior,Mood,COLUMBIA,SONY,2,13_02_2021
32,32,4,Tones And I,Fly Away,ELEKTRA,WARNER,27,13_02_2021
33,RE,27,Amel Bent x Imen Es,Jusqu'au bout,DEF JAM,UNIVERSAL,6,13_02_2021
34,38,2,Sia,Courage To Change,ATLANTIC,WARNER,34,13_02_2021
35,41,2,Les Enfoirés,Maintenant,COLUMBIA,SONY,35,13_02_2021
36,34,5,Bad Bunny x Jhay Cortez,Dákiti,RIMAS,RIMAS,34,13_02_2021
37,40,3,The Kid Laroi,Without You,COLUMBIA,SONY,37,13_02_2021
38,37,9,Amir [FR],On verra bien,PARLOPHONE,WARNER,29,13_02_2021
39,36,6,Calogero,Celui d'en bas,POLYDOR,UNIVERSAL,36,13_02_2021
40,46,4,Miley Cyrus feat. Dua Lipa,Prisoner,RCA/WARNER,SONY/WARNER,31,13_02_2021
41,39,3,Suarez,Céleste,LABEL ET LABET,PIAS,39,13_02_2021
42,35,13,Billie Eilish,Therefore I Am,INTERSCOPE,UNIVERSAL,14,13_02_2021
43,43,15,Sam Smith,Diamonds,CAPITOL,UNIVERSAL,26,13_02_2021
44,48,12,Justin Bieber & Benny Blanco,Lonely,DEF JAM/INTERSCOPE,UNIVERSAL,37,13_02_2021
45,47,3,Amel Bent & Hatik,"1,2,3",DEF JAM,UNIVERSAL,39,13_02_2021
46,27,2,Booba,Ratpi World,CAPITOL,UNIVERSAL,27,13_02_2021
47,44,21,Miley Cyrus,Midnight Sky,RCA,SONY,6,13_02_2021
48,RE,2,Julie Zenatti,Paisiblement fou,VICTOR'S SONG,VICTOR'S SONG,48,13_02_2021
49,NEW,1,Riton x Nightcrawlers feat. Mufasa & Hypeman,Friday (Dopamine Re-Edit),MINISTRY OF SOUND,SONY,49,13_02_2021
50,NEW,1,Ykons,Sequoia Trees,BLUE MILK,TEAM 4 ACTION,50,13_02_2021
1,1,2,Dua Lipa feat. Angèle,Fever,WARNER,WARNER,1,14_11_2020
2,2,10,24kGoldn feat. Iann Dior,Mood,COLUMBIA,SONY,2,14_11_2020
3,4,12,Joel Corry feat. MNEK,Head & Heart,ASYLUM,WARNER,3,14_11_2020
4,3,18,Master KG feat. Burna Boy & Nomcebo Zikode,Jerusalema (Remix),ELEKTRA,WARNER,1,14_11_2020
5,5,8,David Guetta & Sia,Let's Love,PARLOPHONE,WARNER,5,14_11_2020
6,6,15,Amel Bent x Imen Es,Jusqu'au bout,DEF JAM,UNIVERSAL,6,14_11_2020
7,9,7,Vianney,Beau-papa,TOT OU TARD,PIAS,7,14_11_2020
8,8,20,Zoe Wees,Control,CAROLINE,UNIVERSAL,3,14_11_2020
9,7,13,Sch - Kofs - Jul - Naps - Soso Maness - Elams -Solda - Houari,Bande organisée,RIEN 100 RIEN,PIAS,2,14_11_2020
10,10,10,Lucky Luke,Cooler Than Me,B1,SONY,9,14_11_2020
11,12,7,Ava Max,Who's Laughing Now?,ATLANTIC,WARNER,11,14_11_2020
12,21,8,Miley Cyrus,Midnight Sky,RCA,SONY,12,14_11_2020
13,16,7,BTS,Dynamite,BIGHIT,SONY,13,14_11_2020
14,26,3,Ariana Grande,Positions,REPUBLIC,UNIVERSAL,14,14_11_2020
15,14,9,Kygo x Tina Turner,What's Love Got To DoWith It,SONY,SONY,6,14_11_2020
16,NEW,1,Booba,5G,CAPITOL,UNIVERSAL,16,14_11_2020
17,18,7,Jason Derulo,Take You Dancing,ATLANTIC,WARNER,15,14_11_2020
18,25,6,Justin Bieber feat. Chance The Rapper,Holy,DEF JAM,UNIVERSAL,18,14_11_2020
19,13,7,Kendji Girac feat. Gims,Dernier métro,DEF JAM,UNIVERSAL,13,14_11_2020
20,24,5,Vitaa & Slimane,Ça ira,DEF JAM,UNIVERSAL,20,14_11_2020
21,22,6,Clean Bandit and Mabel feat. 24kGoldn,Tick Tock,ATLANTIC,WARNER,21,14_11_2020
22,23,8,Naza feat. Niska,Joli bébé,CAPIROLESQUE,CAPIROLESQUE,17,14_11_2020
23,31,13,Calogero,La rumeur,POLYDOR,UNIVERSAL,18,14_11_2020
24,28,4,Shawn Mendes,Wonder,ISLAND,UNIVERSAL,24,14_11_2020
25,20,4,Tate McRae,You Broke Me First,RCA,SONY,20,14_11_2020
26,27,14,JC Stewart,I Need You To Hate Me,WARNER,WARNER,17,14_11_2020
27,33,4,Lost Frequencies & Mathieu Koss,Don't Leave Me Now,MOSTIKO,CNR,27,14_11_2020
28,15,3,Koba LaD feat. Maes & Zed,Coffre plein,CAPITOL,UNIVERSAL,7,14_11_2020
29,19,4,Banners,Someone To You,ISLAND,UNIVERSAL,19,14_11_2020
30,11,16,Louane,Donne-moi ton cœur,MERCURY,UNIVERSAL,8,14_11_2020
31,32,5,Internet Money & Gunna feat. Don Toliver & Nav,Lemonade,CAROLINE,UNIVERSAL,29,14_11_2020
32,30,5,Sam Smith,Diamonds,CAPITOL,UNIVERSAL,30,14_11_2020
33,29,21,Grand Corps Malade & Camille Lellouche,Mais je t'aime,CAROLINE,UNIVERSAL,12,14_11_2020
34,47,3,Calvin Harris / The Weeknd,Over Now,COLUMBIA/REPUBLIC,SONY/UNIVERSAL,34,14_11_2020
35,34,3,Dua Lipa feat. DaBaby,Levitating,WARNER,WARNER,34,14_11_2020
36,36,22,Harry Styles,Watermelon Sugar,COLUMBIA,SONY,2,14_11_2020
37,44,2,Justin Bieber & Benny Blanco,Lonely,DEFJAM/INTERSCOPE,UNIVERSAL,37,14_11_2020
38,38,3,Pop Smoke,What You Know Bout Love,REPUBLIC,TOPNOTCH/UNIVERSAL,38,14_11_2020
39,37,13,Franglish feat. Tory Lanez,My Salsa,DEF JAM,UNIVERSAL,35,14_11_2020
40,NEW,1,Alliel,Ce qui nous rend fous,PARLOPHONE,WARNER,40,14_11_2020
41,48,20,Jawsh 685 & Jason Derulo,Savage Love (Laxed - SirenBeat),COLUMBIA,SONY,2,14_11_2020
42,49,19,Julien Doré,La fièvre,COLUMBIA,SONY,7,14_11_2020
43,35,25,DaBaby feat. Roddy Ricch,Rockstar,INTERSCOPE,TOPNOTCH/UNIVERSAL,9,14_11_2020
44,41,20,Amir [FR],La fête,PARLOPHONE,WARNER,9,14_11_2020
45,42,2,Dadju,Amour toxic,POLYDOR,UNIVERSAL,42,14_11_2020
46,NEW,1,Mika & Soprano,Le cœur Holiday,REPUBLIC,UNIVERSAL,46,14_11_2020
47,NEW,1,Julien Doré,Nous,COLUMBIA,SONY,47,14_11_2020
48,39,26,Dua Lipa,Break My Heart,WARNER,WARNER,8,14_11_2020
49,RE,5,Suarez feat. Maria Del Rio,Sarà perché ti amo,LABEL ET LABET,PIAS,33,14_11_2020
50,NEW,1,Tiësto,The Business,ATLANTIC,WARNER,50,14_11_2020
1,1,11,Dua Lipa feat. Angèle,Fever,WARNER,WARNER,1,16_01_2021
2,3,17,David Guetta & Sia,Let's Love,PARLOPHONE,WARNER,2,16_01_2021
3,5,16,Vianney,Beau-papa,TOT OU TARD,PIAS,3,16_01_2021
4,4,16,BTS,Dynamite,BIGHIT,SONY,4,16_01_2021
5,2,19,24kGoldn feat. Iann Dior,Mood,COLUMBIA,SONY,2,16_01_2021
6,6,12,Ariana Grande,Positions,REPUBLIC,UNIVERSAL,6,16_01_2021
7,7,16,Jason Derulo,Take You Dancing,ATLANTIC,WARNER,6,16_01_2021
8,8,13,Tate McRae,You Broke Me First,RCA,SONY,8,16_01_2021
9,12,10,Tiësto,The Business,ATLANTIC,WARNER,9,16_01_2021
10,13,10,Julien Doré,Nous,COLUMBIA,SONY,10,16_01_2021
11,15,16,Kendji Girac feat. Gims,Dernier métro,DEF JAM,UNIVERSAL,11,16_01_2021
12,11,16,Ava Max,Who's Laughing Now?,ATLANTIC,WARNER,4,16_01_2021
13,10,15,Clean Bandit and Mabel feat. 24kGoldn,Tick Tock,ATLANTIC,WARNER,8,16_01_2021
14,19,13,Banners,Someone To You,ISLAND,UNIVERSAL,11,16_01_2021
15,16,5,Indochine feat. Christine And The Queens,3Sex,RCA,SONY,15,16_01_2021
16,9,19,Lucky Luke,Cooler Than Me,B1,SONY,8,16_01_2021
17,14,17,Miley Cyrus,Midnight Sky,RCA,SONY,6,16_01_2021
18,22,6,Kygo x Donna Summer,Hot Stuff,RCA,SONY,18,16_01_2021
19,23,5,Meduza feat. Dermot Kennedy,Paradise,ISLAND,UNIVERSAL,19,16_01_2021
20,17,5,Lil Nas X,Holiday,COLUMBIA,SONY,17,16_01_2021
21,27,7,Maître Gims,Jusqu'ici tout va bien,PLAY TWO,SONY,21,16_01_2021
22,35,4,Laura Tesoro & Loïc Nottet feat. Alex Germys,Strangers,SONY,SONY,22,16_01_2021
23,18,9,Billie Eilish,Therefore I Am,INTERSCOPE,UNIVERSAL,18,16_01_2021
24,32,9,Kylie Minogue,Magic,BMG RIGHTS,WARNER/ADA,20,16_01_2021
25,26,8,Henri PFR x Famba feat. Chiara Castelli,No One Knows,SPINNIN',WARNER,25,16_01_2021
26,45,8,Mika & Soprano,Le cœur Holiday,REPUBLIC,UNIVERSAL,26,16_01_2021
27,31,8,Maluma & The Weeknd,Hawái (Remix),SONY LATIN,SONY,27,16_01_2021
28,25,13,Shawn Mendes,Wonder,ISLAND,UNIVERSAL,15,16_01_2021
29,44,2,Robin Schulz feat. Kiddo,All We Got,WARNER,WARNER,29,16_01_2021
30,20,21,Joel Corry feat. MNEK,Head & Heart,ASYLUM,WARNER,3,16_01_2021
31,24,27,Master KG feat. Burna Boy & Nomcebo Zikode,Jerusalema (Remix),ELEKTRA,WARNER,1,16_01_2021
32,21,24,Amel Bent x Imen Es,Jusqu'au bout,DEF JAM,UNIVERSAL,6,16_01_2021
33,37,5,Amir [FR],On verra bien,PARLOPHONE,WARNER,32,16_01_2021
34,RE,3,M. Pokora,S'en aller,TF1,SONY,34,16_01_2021
35,30,7,HVME,Goosebumps,B1,SONY,30,16_01_2021
36,RE,2,Louane,Désolée,MERCURY,UNIVERSAL,36,16_01_2021
37,NEW,1,Black Eyed Peas x Shakira,Girl Like Me,EPIC,SONY,37,16_01_2021
38,RE,2,Calogero,Celui d'en bas,POLYDOR,UNIVERSAL,38,16_01_2021
39,28,22,Sch - Kofs - Jul - Naps - Soso Maness - Elams - Solda -Houari,Bande organisée,RIEN 100 RIEN,PIAS,2,16_01_2021
40,47,5,Eva [FR],Cœur noir,ALDAM,UNIVERSAL,32,16_01_2021
41,41,4,Shawn Mendes / Justin Bieber,Monster,ISLAND,UNIVERSAL,41,16_01_2021
42,34,13,Lost Frequencies & Mathieu Koss,Don't Leave Me Now,MOSTIKO,CNR,18,16_01_2021
43,33,5,Jul & Sch,Mother Fuck,D'OR ET DEPLATINE,PIAS,32,16_01_2021
44,29,38,The Weeknd,Blinding Lights,REPUBLIC,UNIVERSAL,1,16_01_2021
45,NEW,1,Tones And I,Fly Away,ELEKTRA,WARNER,45,16_01_2021
46,38,9,Ofenbach & Quarterhead feat. Norma Jean Martine,Head Shoulders Knees &Toes,SPINNIN',WARNER,38,16_01_2021
47,43,12,Sam Smith,Diamonds,CAPITOL,UNIVERSAL,26,16_01_2021
48,RE,7,Black Eyed Peas x Nicky Jam x Tyga,Vida loca,EPIC,SONY,35,16_01_2021
49,40,17,Naza feat. Niska,Joli bébé,CAPIROLESQUE,CAPIROLESQUE,17,16_01_2021
50,36,14,Internet Money & Gunna feat. Don Toliver & Nav,Lemonade,CAROLINE,UNIVERSAL,29,16_01_2021
1,1,7,Dua Lipa feat. Angèle,Fever,WARNER,WARNER,1,19_12_2020
2,2,13,David Guetta & Sia,Let's Love,PARLOPHONE,WARNER,2,19_12_2020
3,5,12,Vianney,Beau-papa,TOT OU TARD,PIAS,3,19_12_2020
4,3,15,24kGoldn feat. Iann Dior,Mood,COLUMBIA,SONY,2,19_12_2020
5,4,12,Ava Max,Who's Laughing Now?,ATLANTIC,WARNER,4,19_12_2020
6,13,12,BTS,Dynamite,BIGHIT,SONY,6,19_12_2020
7,8,12,Jason Derulo,Take You Dancing,ATLANTIC,WARNER,7,19_12_2020
8,10,15,Lucky Luke,Cooler Than Me,B1,SONY,8,19_12_2020
9,11,11,Clean Bandit and Mabel feat. 24kGoldn,Tick Tock,ATLANTIC,WARNER,8,19_12_2020
10,18,6,Tiësto,The Business,ATLANTIC,WARNER,10,19_12_2020
11,12,6,Julien Doré,Nous,COLUMBIA,SONY,11,19_12_2020
12,9,13,Miley Cyrus,Midnight Sky,RCA,SONY,6,19_12_2020
13,7,8,Ariana Grande,Positions,REPUBLIC,UNIVERSAL,7,19_12_2020
14,17,12,Kendji Girac feat. Gims,Dernier métro,DEF JAM,UNIVERSAL,13,19_12_2020
15,14,9,Banners,Someone To You,ISLAND,UNIVERSAL,11,19_12_2020
16,16,9,Tate McRae,You Broke Me First,RCA,SONY,16,19_12_2020
17,15,9,Shawn Mendes,Wonder,ISLAND,UNIVERSAL,15,19_12_2020
18,23,5,Billie Eilish,Therefore I Am,INTERSCOPE,UNIVERSAL,18,19_12_2020
19,19,17,Joel Corry feat. MNEK,Head & Heart,ASYLUM,WARNER,3,19_12_2020
20,20,5,Kylie Minogue,Magic,BMG RIGHTS,WARNER/ADA,20,19_12_2020
21,28,3,Maître Gims,Jusqu'ici tout va bien,PLAY TWO,SONY,21,19_12_2020
22,33,13,Naza feat. Niska,Joli bébé,CAPIROLESQUE,CAPIROLESQUE,17,19_12_2020
23,NEW,1,Lil Nas X,Holiday,COLUMBIA,SONY,23,19_12_2020
24,22,18,Sch - Kofs - Jul - Naps - Soso Maness - Elams - Solda -Houari,Bande organisée,RIEN 100 RIEN,PIAS,2,19_12_2020
25,6,20,Amel Bent x Imen Es,Jusqu'au bout,DEF JAM,UNIVERSAL,6,19_12_2020
26,24,9,Lost Frequencies & Mathieu Koss,Don't Leave Me Now,MOSTIKO,CNR,24,19_12_2020
27,34,4,Henri PFR x Famba feat. Chiara Castelli,No One Knows,SPINNIN',WARNER,27,19_12_2020
28,31,5,Mika & Soprano,Le cœur Holiday,REPUBLIC,UNIVERSAL,28,19_12_2020
29,39,2,Kygo x Donna Summer,Hot Stuff,RCA,SONY,29,19_12_2020
30,26,23,Master KG feat. Burna Boy & Nomcebo Zikode,Jerusalema (Remix),ELEKTRA,WARNER,1,19_12_2020
31,27,25,Zoe Wees,Control,CAROLINE,UNIVERSAL,3,19_12_2020
32,29,10,Internet Money & Gunna feat. Don Toliver & Nav,Lemonade,CAROLINE,UNIVERSAL,29,19_12_2020
33,NEW,1,Indochine feat. Christine And The Queens,3Sex,RCA,SONY,33,19_12_2020
34,25,11,Justin Bieber feat. Chance The Rapper,Holy,DEF JAM,UNIVERSAL,18,19_12_2020
35,46,4,Maluma & The Weeknd,Hawái (Remix),SONY LATIN,SONY,35,19_12_2020
36,41,26,Grand Corps Malade & Camille Lellouche,Mais je t'aime,CAROLINE,UNIVERSAL,12,19_12_2020
37,40,3,HVME,Goosebumps,B1,SONY,37,19_12_2020
38,NEW,1,Jul & Sch,Mother Fuck,D'OR ET DEPLATINE,PIAS,38,19_12_2020
39,RE,5,Black Eyed Peas x Nicky Jam x Tyga,Vida loca,EPIC,SONY,35,19_12_2020
40,35,34,The Weeknd,Blinding Lights,REPUBLIC,UNIVERSAL,1,19_12_2020
41,30,6,Alliel,Ce qui nous rend fous,PARLOPHONE,WARNER,30,19_12_2020
42,37,4,Aya Nakamura feat. Stormzy,Plus jamais,REC. 118,WARNER,36,19_12_2020
43,43,5,Ofenbach & Quarterhead feat. Norma Jean Martine,Head Shoulders Knees &Toes,SPINNIN',WARNER,43,19_12_2020
44,32,2,Eva [FR],Cœur noir,ALDAM,UNIVERSAL,32,19_12_2020
45,47,2,M. Pokora,S'en aller,TF1,SONY,45,19_12_2020
46,38,7,Dadju,Amour toxic,POLYDOR,UNIVERSAL,30,19_12_2020
47,44,2,Amir [FR],On verra bien,PARLOPHONE,WARNER,44,19_12_2020
48,NEW,1,Meduza feat. Dermot Kennedy,Paradise,ISLAND,UNIVERSAL,48,19_12_2020
49,NEW,1,Louane,Désolée,MERCURY,UNIVERSAL,49,19_12_2020
50,48,7,Justin Bieber & Benny Blanco,Lonely,DEFJAM/INTERSCOPE,UNIVERSAL,37,19_12_2020
1,1,16,Dua Lipa feat. Angèle,Fever,WARNER,WARNER,1,20_02_2021
2,2,15,Tiësto,The Business,ATLANTIC,WARNER,2,20_02_2021
3,5,6,Black Eyed Peas x Shakira,Girl Like Me,EPIC,SONY,3,20_02_2021
4,15,4,The Weeknd,Save Your Tears,REPUBLIC,UNIVERSAL,4,20_02_2021
5,6,5,Olivia Rodrigo,Drivers License,GEFFEN,UNIVERSAL,5,20_02_2021
6,3,18,Tate McRae,You Broke Me First,RCA,SONY,3,20_02_2021
7,4,9,Laura Tesoro & Loïc Nottet feat. Alex Germys,Strangers,SONY,SONY,4,20_02_2021
8,17,7,Ed Sheeran,Afterglow,ATLANTIC,WARNER,8,20_02_2021
9,12,17,Ariana Grande,Positions,REPUBLIC,UNIVERSAL,6,20_02_2021
10,8,15,Julien Doré,Nous,COLUMBIA,SONY,7,20_02_2021
11,11,7,Robin Schulz feat. Kiddo,All We Got,WARNER,WARNER,11,20_02_2021
12,7,11,Kygo x Donna Summer,Hot Stuff,RCA,SONY,7,20_02_2021
13,10,12,Maître Gims,Jusqu'ici tout va bien,PLAY TWO,SONY,10,20_02_2021
14,13,10,Meduza feat. Dermot Kennedy,Paradise,ISLAND,UNIVERSAL,13,20_02_2021
15,34,3,Sia,Courage To Change,ATLANTIC,WARNER,15,20_02_2021
16,9,10,Indochine feat. Christine And The Queens,3Sex,RCA,SONY,8,20_02_2021
17,20,5,Ava Max,My Head & My Heart,ATLANTIC,WARNER,17,20_02_2021
18,18,12,HVME,Goosebumps,B1,SONY,18,20_02_2021
19,22,4,Jason Derulo x Nuka,Love Not War (The TampaBeat),ROBOTS & HUMANS,SONY,19,20_02_2021
20,21,22,David Guetta & Sia,Let's Love,PARLOPHONE,WARNER,2,20_02_2021
21,37,4,The Kid Laroi,Without You,COLUMBIA,SONY,21,20_02_2021
22,16,10,Lil Nas X,Holiday,COLUMBIA,SONY,16,20_02_2021
23,39,7,Calogero,Celui d'en bas,POLYDOR,UNIVERSAL,23,20_02_2021
24,19,13,Henri PFR x Famba feat. Chiara Castelli,No One Knows,SPINNIN',SPINNIN',19,20_02_2021
25,14,21,Vianney,Beau-papa,TOT OU TARD,PIAS,2,20_02_2021
26,23,5,Vitaa & Slimane,De l'or,DEF JAM,UNIVERSAL,23,20_02_2021
27,31,24,24kGoldn feat. Iann Dior,Mood,COLUMBIA,SONY,2,20_02_2021
28,28,21,BTS,Dynamite,BIGHIT,SONY,3,20_02_2021
29,35,3,Les Enfoirés,Maintenant,COLUMBIA,SONY,29,20_02_2021
30,36,6,Bad Bunny x Jhay Cortez,Dákiti,RIMAS,RIMAS,30,20_02_2021
31,45,4,Amel Bent & Hatik,"1,2,3",DEF JAM,UNIVERSAL,31,20_02_2021
32,41,4,Suarez,Céleste,LABEL ET LABET,PIAS,32,20_02_2021
33,26,5,Grand Corps Malade,Pas essentiel,CAROLINE,UNIVERSAL,26,20_02_2021
34,49,2,Riton x Nightcrawlers feat. Mufasa & Hypeman,Friday (Dopamine Re-Edit),MINISTRY OFSOUND,SONY,34,20_02_2021
35,50,2,Ykons,Sequoia Trees,BLUE MILK,TEAM 4 ACTION,35,20_02_2021
36,RE,4,Dadju feat. Tiakola,Dieu merci,POLYDOR,UNIVERSAL,36,20_02_2021
37,RE,30,Grand Corps Malade & Camille Lellouche,Mais je t'aime,CAROLINE,UNIVERSAL,12,20_02_2021
38,48,3,Julie Zenatti,Paisiblement fou,VICTOR'S SONG,VICTOR'S SONG,38,20_02_2021
39,24,21,Jason Derulo,Take You Dancing,ATLANTIC,WARNER,6,20_02_2021
40,40,5,Miley Cyrus feat. Dua Lipa,Prisoner,RCA/WARNER,SONY/WARNER,31,20_02_2021
41,29,20,Clean Bandit and Mabel feat. 24kGoldn,Tick Tock,ATLANTIC,WARNER,8,20_02_2021
42,27,18,Banners,Someone To You,ISLAND,UNIVERSAL,11,20_02_2021
43,44,13,Justin Bieber & Benny Blanco,Lonely,DEFJAM/INTERSCOPE,UNIVERSAL,37,20_02_2021
44,42,14,Billie Eilish,Therefore I Am,INTERSCOPE,UNIVERSAL,14,20_02_2021
45,NEW,1,Kendji Girac,Évidemment,DEF JAM,UNIVERSAL,45,20_02_2021
46,NEW,1,Justin Bieber,Anyone,DEF JAM,UNIVERSAL,46,20_02_2021
47,NEW,1,Delta [BE],Nirvana,BMG RIGHTS,WARNER/ADA,47,20_02_2021
48,NEW,1,atb x Topic x A7S,Your Love (9PM),RIDE,RIDE,48,20_02_2021
49,RE,24,Sch - Kofs - Jul - Naps - Soso Maness - Elams - Solda- Houari,Bande organisée,RIEN 100 RIEN,PIAS,2,20_02_2021
50,30,2,Sch,Marché noir,REC. 118,WARNER,30,20_02_2021
1,1,3,Dua Lipa feat. Angèle,Fever,WARNER,WARNER,1,21_11_2020
2,2,11,24kGoldn feat. Iann Dior,Mood,COLUMBIA,SONY,2,21_11_2020
3,5,9,David Guetta & Sia,Let's Love,PARLOPHONE,WARNER,3,21_11_2020
4,11,8,Ava Max,Who's Laughing Now?,ATLANTIC,WARNER,4,21_11_2020
5,3,13,Joel Corry feat. MNEK,Head & Heart,ASYLUM,WARNER,3,21_11_2020
6,4,19,Master KG feat. Burna Boy & Nomcebo Zikode,Jerusalema (Remix),ELEKTRA,WARNER,1,21_11_2020
7,6,16,Amel Bent x Imen Es,Jusqu'au bout,DEF JAM,UNIVERSAL,6,21_11_2020
8,10,11,Lucky Luke,Cooler Than Me,B1,SONY,8,21_11_2020
9,7,8,Vianney,Beau-papa,TOT OU TARD,PIAS,7,21_11_2020
10,12,9,Miley Cyrus,Midnight Sky,RCA,SONY,10,21_11_2020
11,14,4,Ariana Grande,Positions,REPUBLIC,UNIVERSAL,11,21_11_2020
12,13,8,BTS,Dynamite,BIGHIT,SONY,12,21_11_2020
13,17,8,Jason Derulo,Take You Dancing,ATLANTIC,WARNER,13,21_11_2020
14,21,7,Clean Bandit and Mabel feat. 24kGoldn,Tick Tock,ATLANTIC,WARNER,14,21_11_2020
15,9,14,Sch - Kofs - Jul - Naps - Soso Maness - Elams -Solda - Houari,Bande organisée,RIEN 100 RIEN,PIAS,2,21_11_2020
16,8,21,Zoe Wees,Control,CAROLINE,UNIVERSAL,3,21_11_2020
17,19,8,Kendji Girac feat. Gims,Dernier métro,DEF JAM,UNIVERSAL,13,21_11_2020
18,22,9,Naza feat. Niska,Joli bébé,CAPIROLESQUE,CAPIROLESQUE,17,21_11_2020
19,25,5,Tate McRae,You Broke Me First,RCA,SONY,19,21_11_2020
20,18,7,Justin Bieber feat. Chance The Rapper,Holy,DEF JAM,UNIVERSAL,18,21_11_2020
21,24,5,Shawn Mendes,Wonder,ISLAND,UNIVERSAL,21,21_11_2020
22,15,10,Kygo x Tina Turner,What's Love Got To DoWith It,SONY,SONY,6,21_11_2020
23,29,5,Banners,Someone To You,ISLAND,UNIVERSAL,19,21_11_2020
24,20,6,Vitaa & Slimane,Ça ira,DEF JAM,UNIVERSAL,20,21_11_2020
25,26,15,JC Stewart,I Need You To Hate Me,WARNER,WARNER,17,21_11_2020
26,32,6,Sam Smith,Diamonds,CAPITOL,UNIVERSAL,26,21_11_2020
27,35,4,Dua Lipa feat. DaBaby,Levitating,WARNER,WARNER,27,21_11_2020
28,27,5,Lost Frequencies & Mathieu Koss,Don't Leave Me Now,MOSTIKO,CNR,27,21_11_2020
29,47,2,Julien Doré,Nous,COLUMBIA,SONY,29,21_11_2020
30,31,6,Internet Money & Gunna feat. Don Toliver & Nav,Lemonade,CAROLINE,UNIVERSAL,29,21_11_2020
31,28,4,Koba LaD feat. Maes & Zed,Coffre plein,CAPITOL,UNIVERSAL,7,21_11_2020
32,23,14,Calogero,La rumeur,POLYDOR,UNIVERSAL,18,21_11_2020
33,30,17,Louane,Donne-moi ton cœur,MERCURY,UNIVERSAL,8,21_11_2020
34,45,3,Dadju,Amour toxic,POLYDOR,UNIVERSAL,34,21_11_2020
35,33,22,Grand Corps Malade & Camille Lellouche,Mais je t'aime,CAROLINE,UNIVERSAL,12,21_11_2020
36,RE,17,Aya Nakamura,Jolie nana,REC. 118,WARNER,2,21_11_2020
37,NEW,1,Kylie Minogue,Magic,BMG RIGHTS,WARNER/ADA,37,21_11_2020
38,34,4,Calvin Harris / The Weeknd,Over Now,COLUMBIA/REPUBLIC,SONY/UNIVERSAL,34,21_11_2020
39,37,3,Justin Bieber & Benny Blanco,Lonely,DEFJAM/INTERSCOPE,UNIVERSAL,37,21_11_2020
40,NEW,1,Aya Nakamura,Doudou,REC. 118,WARNER,40,21_11_2020
41,NEW,1,Billie Eilish,Therefore I Am,INTERSCOPE,UNIVERSAL,41,21_11_2020
42,36,23,Harry Styles,Watermelon Sugar,COLUMBIA,SONY,2,21_11_2020
43,50,2,Tiësto,The Business,ATLANTIC,WARNER,43,21_11_2020
44,40,2,Alliel,Ce qui nous rend fous,PARLOPHONE,WARNER,40,21_11_2020
45,RE,16,Robin Schulz & Wes,Alane,WARNER,WARNER,5,21_11_2020
46,38,4,Pop Smoke,What You Know BoutLove,REPUBLIC,TOPNOTCH/UNIVERSAL,38,21_11_2020
47,39,14,Franglish feat. Tory Lanez,My Salsa,DEF JAM,UNIVERSAL,35,21_11_2020
48,RE,2,Black Eyed Peas x Nicky Jam x Tyga,Vida loca,EPIC,SONY,45,21_11_2020
49,RE,3,Lucenzo,No me ama,PLAY TWO,WARNER,37,21_11_2020
50,16,2,Booba,5G,CAPITOL,UNIVERSAL,16,21_11_2020
1,1,12,Dua Lipa feat. Angèle,Fever,WARNER,WARNER,1,23_01_2021
2,2,18,David Guetta & Sia,Let's Love,PARLOPHONE,WARNER,2,23_01_2021
3,4,17,BTS,Dynamite,BIGHIT,SONY,3,23_01_2021
4,9,11,Tiësto,The Business,ATLANTIC,WARNER,4,23_01_2021
5,8,14,Tate McRae,You Broke Me First,RCA,SONY,5,23_01_2021
6,7,17,Jason Derulo,Take You Dancing,ATLANTIC,WARNER,6,23_01_2021
7,10,11,Julien Doré,Nous,COLUMBIA,SONY,7,23_01_2021
8,15,6,Indochine feat. Christine And The Queens,3Sex,RCA,SONY,8,23_01_2021
9,6,13,Ariana Grande,Positions,REPUBLIC,UNIVERSAL,6,23_01_2021
10,3,17,Vianney,Beau-papa,TOT OU TARD,PIAS,3,23_01_2021
11,5,20,24kGoldn feat. Iann Dior,Mood,COLUMBIA,SONY,2,23_01_2021
12,13,16,Clean Bandit and Mabel feat. 24kGoldn,Tick Tock,ATLANTIC,WARNER,8,23_01_2021
13,NEW,1,Olivia Rodrigo,Drivers License,GEFFEN,UNIVERSAL,13,23_01_2021
14,23,10,Billie Eilish,Therefore I Am,INTERSCOPE,UNIVERSAL,14,23_01_2021
15,11,17,Kendji Girac feat. Gims,Dernier métro,DEF JAM,UNIVERSAL,11,23_01_2021
16,17,18,Miley Cyrus,Midnight Sky,RCA,SONY,6,23_01_2021
17,20,6,Lil Nas X,Holiday,COLUMBIA,SONY,17,23_01_2021
18,14,14,Banners,Someone To You,ISLAND,UNIVERSAL,11,23_01_2021
19,24,10,Kylie Minogue,Magic,BMG RIGHTS,WARNER/ADA,19,23_01_2021
20,18,7,Kygo x Donna Summer,Hot Stuff,RCA,SONY,18,23_01_2021
21,22,5,Laura Tesoro & Loïc Nottet feat. Alex Germys,Strangers,SONY,SONY,21,23_01_2021
22,25,9,Henri PFR x Famba feat. Chiara Castelli,No One Knows,SPINNIN',WARNER,22,23_01_2021
23,29,3,Robin Schulz feat. Kiddo,All We Got,WARNER,WARNER,23,23_01_2021
24,37,2,Black Eyed Peas x Shakira,Girl Like Me,EPIC,SONY,24,23_01_2021
25,21,8,Maître Gims,Jusqu'ici tout va bien,PLAY TWO,SONY,21,23_01_2021
26,28,14,Shawn Mendes,Wonder,ISLAND,UNIVERSAL,15,23_01_2021
27,30,22,Joel Corry feat. MNEK,Head & Heart,ASYLUM,WARNER,3,23_01_2021
28,35,8,HVME,Goosebumps,B1,SONY,28,23_01_2021
29,27,9,Maluma & The Weeknd,Hawái (Remix),SONY LATIN,SONY,27,23_01_2021
30,12,17,Ava Max,Who's Laughing Now?,ATLANTIC,WARNER,4,23_01_2021
31,32,25,Amel Bent x Imen Es,Jusqu'au bout,DEF JAM,UNIVERSAL,6,23_01_2021
32,16,20,Lucky Luke,Cooler Than Me,B1,SONY,8,23_01_2021
33,NEW,1,Grand Corps Malade,Pas essentiel,CAROLINE,UNIVERSAL,33,23_01_2021
34,19,6,Meduza feat. Dermot Kennedy,Paradise,ISLAND,UNIVERSAL,19,23_01_2021
35,33,6,Amir [FR],On verra bien,PARLOPHONE,WARNER,32,23_01_2021
36,36,3,Louane,Désolée,MERCURY,UNIVERSAL,36,23_01_2021
37,NEW,1,Vitaa & Slimane,De l'or,DEF JAM,UNIVERSAL,37,23_01_2021
38,NEW,1,Ava Max,My Head & My Heart,ATLANTIC,WARNER,38,23_01_2021
39,NEW,1,Amel Bent & Hatik,"1,2,3",DEF JAM,UNIVERSAL,39,23_01_2021
40,RE,2,Bad Bunny x Jhay Cortez,Dákiti,RIMAS,RIMAS,40,23_01_2021
41,46,10,Ofenbach & Quarterhead feat. Norma Jean Martine,Head Shoulders Knees &Toes,SPINNIN',WARNER,38,23_01_2021
42,RE,3,Ed Sheeran,Afterglow,ATLANTIC,WARNER,30,23_01_2021
43,41,5,Shawn Mendes / Justin Bieber,Monster,ISLAND,UNIVERSAL,41,23_01_2021
44,39,23,Sch - Kofs - Jul - Naps - Soso Maness - Elams - Solda -Houari,Bande organisée,RIEN 100 RIEN,PIAS,2,23_01_2021
45,47,13,Sam Smith,Diamonds,CAPITOL,UNIVERSAL,26,23_01_2021
46,RE,6,Dua Lipa feat. DaBaby,Levitating,WARNER,WARNER,27,23_01_2021
47,38,3,Calogero,Celui d'en bas,POLYDOR,UNIVERSAL,38,23_01_2021
48,40,6,Eva [FR],Cœur noir,ALDAM,UNIVERSAL,32,23_01_2021
49,NEW,1,Suarez,Céleste,LABEL ETLABET,PIAS,49,23_01_2021
50,31,28,Master KG feat. Burna Boy & Nomcebo Zikode,Jerusalema (Remix),ELEKTRA,WARNER,1,23_01_2021
1,1,8,Dua Lipa feat. Angèle,Fever,WARNER,WARNER,1,26_12_2020
2,4,16,24kGoldn feat. Iann Dior,Mood,COLUMBIA,SONY,2,26_12_2020
3,2,14,David Guetta & Sia,Let's Love,PARLOPHONE,WARNER,2,26_12_2020
4,3,13,Vianney,Beau-papa,TOT OU TARD,PIAS,3,26_12_2020
5,5,13,Ava Max,Who's Laughing Now?,ATLANTIC,WARNER,4,26_12_2020
6,6,13,BTS,Dynamite,BIGHIT,SONY,6,26_12_2020
7,7,13,Jason Derulo,Take You Dancing,ATLANTIC,WARNER,7,26_12_2020
8,9,12,Clean Bandit and Mabel feat. 24kGoldn,Tick Tock,ATLANTIC,WARNER,8,26_12_2020
9,8,16,Lucky Luke,Cooler Than Me,B1,SONY,8,26_12_2020
10,13,9,Ariana Grande,Positions,REPUBLIC,UNIVERSAL,7,26_12_2020
11,11,7,Julien Doré,Nous,COLUMBIA,SONY,11,26_12_2020
12,10,7,Tiësto,The Business,ATLANTIC,WARNER,10,26_12_2020
13,15,10,Banners,Someone To You,ISLAND,UNIVERSAL,11,26_12_2020
14,40,35,The Weeknd,Blinding Lights,REPUBLIC,UNIVERSAL,1,26_12_2020
15,16,10,Tate McRae,You Broke Me First,RCA,SONY,15,26_12_2020
16,12,14,Miley Cyrus,Midnight Sky,RCA,SONY,6,26_12_2020
17,14,13,Kendji Girac feat. Gims,Dernier métro,DEF JAM,UNIVERSAL,13,26_12_2020
18,26,10,Lost Frequencies & Mathieu Koss,Don't Leave Me Now,MOSTIKO,CNR,18,26_12_2020
19,17,10,Shawn Mendes,Wonder,ISLAND,UNIVERSAL,15,26_12_2020
20,20,6,Kylie Minogue,Magic,BMG RIGHTS,WARNER/ADA,20,26_12_2020
21,19,18,Joel Corry feat. MNEK,Head & Heart,ASYLUM,WARNER,3,26_12_2020
22,23,2,Lil Nas X,Holiday,COLUMBIA,SONY,22,26_12_2020
23,25,21,Amel Bent x Imen Es,Jusqu'au bout,DEF JAM,UNIVERSAL,6,26_12_2020
24,18,6,Billie Eilish,Therefore I Am,INTERSCOPE,UNIVERSAL,18,26_12_2020
25,22,14,Naza feat. Niska,Joli bébé,CAPIROLESQUE,CAPIROLESQUE,17,26_12_2020
26,30,24,Master KG feat. Burna Boy & Nomcebo Zikode,Jerusalema (Remix),ELEKTRA,WARNER,1,26_12_2020
27,35,5,Maluma & The Weeknd,Hawái (Remix),SONY LATIN,SONY,27,26_12_2020
28,33,2,Indochine feat. Christine And The Queens,3Sex,RCA,SONY,28,26_12_2020
29,21,4,Maître Gims,Jusqu'ici tout va bien,PLAY TWO,SONY,21,26_12_2020
30,29,3,Kygo x Donna Summer,Hot Stuff,RCA,SONY,29,26_12_2020
31,27,5,Henri PFR x Famba feat. Chiara Castelli,No One Knows,SPINNIN',WARNER,27,26_12_2020
32,38,2,Jul & Sch,Mother Fuck,D'OR ET DEPLATINE,PIAS,32,26_12_2020
33,24,19,Sch - Kofs - Jul - Naps - Soso Maness - Elams - Solda -Houari,Bande organisée,RIEN 100 RIEN,PIAS,2,26_12_2020
34,34,12,Justin Bieber feat. Chance The Rapper,Holy,DEF JAM,UNIVERSAL,18,26_12_2020
35,37,4,HVME,Goosebumps,B1,SONY,35,26_12_2020
36,48,2,Meduza feat. Dermot Kennedy,Paradise,ISLAND,UNIVERSAL,36,26_12_2020
37,32,11,Internet Money & Gunna feat. Don Toliver & Nav,Lemonade,CAROLINE,UNIVERSAL,29,26_12_2020
38,NEW,1,Suarez feat. Maria Del Rio,Feliz Navidad,LABEL ET LABET,PIAS,38,26_12_2020
39,31,26,Zoe Wees,Control,CAROLINE,UNIVERSAL,3,26_12_2020
40,39,6,Black Eyed Peas x Nicky Jam x Tyga,Vida loca,EPIC,SONY,35,26_12_2020
41,41,7,Alliel,Ce qui nous rend fous,PARLOPHONE,WARNER,30,26_12_2020
42,NEW,1,Shawn Mendes / Justin Bieber,Monster,ISLAND,UNIVERSAL,42,26_12_2020
43,36,27,Grand Corps Malade & Camille Lellouche,Mais je t'aime,CAROLINE,UNIVERSAL,12,26_12_2020
44,43,6,Ofenbach & Quarterhead feat. Norma Jean Martine,Head Shoulders Knees &Toes,SPINNIN',WARNER,43,26_12_2020
45,RE,10,Sam Smith,Diamonds,CAPITOL,UNIVERSAL,26,26_12_2020
46,42,5,Aya Nakamura feat. Stormzy,Plus jamais,REC. 118,WARNER,36,26_12_2020
47,46,8,Dadju,Amour toxic,POLYDOR,UNIVERSAL,30,26_12_2020
48,NEW,1,Laura Tesoro & Loïc Nottet feat. Alex Germys,Strangers,SONY,SONY,48,26_12_2020
49,44,3,Eva [FR],Cœur noir,ALDAM,UNIVERSAL,32,26_12_2020
50,50,8,Justin Bieber & Benny Blanco,Lonely,DEFJAM/INTERSCOPE,UNIVERSAL,37,26_12_2020
1,1,17,Dua Lipa feat. Angèle,Fever,WARNER,WARNER,1,27_02_2021
2,4,5,The Weeknd,Save Your Tears,REPUBLIC,UNIVERSAL,2,27_02_2021
3,3,7,Black Eyed Peas x Shakira,Girl Like Me,EPIC,SONY,3,27_02_2021
4,2,16,Tiësto,The Business,ATLANTIC,WARNER,2,27_02_2021
5,5,6,Olivia Rodrigo,Drivers License,GEFFEN,UNIVERSAL,5,27_02_2021
6,6,19,Tate McRae,You Broke Me First,RCA,SONY,3,27_02_2021
7,13,13,Maître Gims,Jusqu'ici tout va bien,PLAY TWO,SONY,7,27_02_2021
8,7,10,Laura Tesoro & Loïc Nottet feat. Alex Germys,Strangers,SONY,SONY,4,27_02_2021
9,9,18,Ariana Grande,Positions,REPUBLIC,UNIVERSAL,6,27_02_2021
10,11,8,Robin Schulz feat. Kiddo,All We Got,WARNER,WARNER,10,27_02_2021
11,12,12,Kygo x Donna Summer,Hot Stuff,RCA,SONY,7,27_02_2021
12,8,8,Ed Sheeran,Afterglow,ATLANTIC,WARNER,8,27_02_2021
13,19,5,Jason Derulo x Nuka,Love Not War (The Tampa Beat),ROBOTS & HUMANS,SONY,13,27_02_2021
14,10,16,Julien Doré,Nous,COLUMBIA,SONY,7,27_02_2021
15,15,4,Sia,Courage To Change,ATLANTIC,WARNER,15,27_02_2021
16,14,11,Meduza feat. Dermot Kennedy,Paradise,ISLAND,UNIVERSAL,13,27_02_2021
17,16,11,Indochine feat. Christine And The Queens,3Sex,RCA,SONY,8,27_02_2021
18,18,13,HVME,Goosebumps,B1,SONY,18,27_02_2021
19,21,5,The Kid Laroi,Without You,COLUMBIA,SONY,19,27_02_2021
20,17,6,Ava Max,My Head & My Heart,ATLANTIC,WARNER,17,27_02_2021
21,29,4,Les Enfoirés,Maintenant,COLUMBIA,SONY,21,27_02_2021
22,30,7,Bad Bunny x Jhay Cortez,Dákiti,RIMAS,RIMAS,22,27_02_2021
23,26,6,Vitaa & Slimane,De l'or,DEF JAM,UNIVERSAL,23,27_02_2021
24,25,22,Vianney,Beau-papa,TOT OU TARD,PIAS,2,27_02_2021
25,35,3,Ykons,Sequoia Trees,BLUE MILK,TEAM 4 ACTION,25,27_02_2021
26,22,11,Lil Nas X,Holiday,COLUMBIA,SONY,16,27_02_2021
27,34,3,Riton x Nightcrawlers feat. Mufasa & Hypeman,Friday (Dopamine Re-Edit),MINISTRY OF SOUND,SONY,27,27_02_2021
28,27,25,24kGoldn feat. Iann Dior,Mood,COLUMBIA,SONY,2,27_02_2021
29,23,8,Calogero,Celui d'en bas,POLYDOR,UNIVERSAL,23,27_02_2021
30,32,5,Suarez,Céleste,LABEL ET LABET,PIAS,30,27_02_2021
31,20,23,David Guetta & Sia,Let's Love,PARLOPHONE,WARNER,2,27_02_2021
32,31,5,Amel Bent & Hatik,"1,2,3",DEF JAM,UNIVERSAL,31,27_02_2021
33,NEW,1,JC Stewart,Break My Heart,WARNER,WARNER,33,27_02_2021
34,36,5,Dadju feat. Tiakola,Dieu merci,POLYDOR,UNIVERSAL,34,27_02_2021
35,28,22,BTS,Dynamite,BIGHIT,SONY,3,27_02_2021
36,48,2,atb x Topic x A7S,Your Love (9PM),RIDE,RIDE,36,27_02_2021
37,45,2,Kendji Girac,Évidemment,DEF JAM,UNIVERSAL,37,27_02_2021
38,43,14,Justin Bieber & Benny Blanco,Lonely,DEF JAM/INTERSCOPE,UNIVERSAL,37,27_02_2021
39,47,2,Delta [BE],Nirvana,BMG RIGHTS,UNIVERSAL,39,27_02_2021
40,NEW,1,Ashnikko feat. Kelis,Deal With It,PARLOPHONE,WARNER,40,27_02_2021
41,RE,39,The Weeknd,Blinding Lights,REPUBLIC,UNIVERSAL,1,27_02_2021
42,39,22,Jason Derulo,Take You Dancing,ATLANTIC,WARNER,6,27_02_2021
43,38,4,Julie Zenatti,Paisiblement fou,VICTOR'S SONG,VICTOR'S SONG,38,27_02_2021
44,RE,24,Joel Corry feat. MNEK,Head & Heart,ASYLUM,WARNER,3,27_02_2021
45,NEW,1,Shane Codd,Get Out My Head,POLYDOR,UNIVERSAL,45,27_02_2021
46,RE,28,Amel Bent x Imen Es,Jusqu'au bout,DEF JAM,UNIVERSAL,6,27_02_2021
47,NEW,1,CJ,Whoopty,CJ,WARNER,47,27_02_2021
48,NEW,1,Kid Noize feat. Gio Kemper,Monster Next Door,UNIVERSAL,UNIVERSAL,48,27_02_2021
49,40,6,Miley Cyrus feat. Dua Lipa,Prisoner,RCA/WARNER,SONY/WARNER,31,27_02_2021
50,42,19,Banners,Someone To You,ISLAND,UNIVERSAL,11,27_02_2021
1,1,4,Dua Lipa feat. Angèle,Fever,WARNER,WARNER,1,28_11_2020
2,2,12,24kGoldn feat. Iann Dior,Mood,COLUMBIA,SONY,2,28_11_2020
3,3,10,David Guetta & Sia,Let's Love,PARLOPHONE,WARNER,3,28_11_2020
4,4,9,Ava Max,Who's Laughing Now?,ATLANTIC,WARNER,4,28_11_2020
5,9,9,Vianney,Beau-papa,TOT OU TARD,PIAS,5,28_11_2020
6,5,14,Joel Corry feat. MNEK,Head & Heart,ASYLUM,WARNER,3,28_11_2020
7,7,17,Amel Bent x Imen Es,Jusqu'au bout,DEF JAM,UNIVERSAL,6,28_11_2020
8,12,9,BTS,Dynamite,BIGHIT,SONY,8,28_11_2020
9,13,9,Jason Derulo,Take You Dancing,ATLANTIC,WARNER,9,28_11_2020
10,11,5,Ariana Grande,Positions,REPUBLIC,UNIVERSAL,10,28_11_2020
11,23,6,Banners,Someone To You,ISLAND,UNIVERSAL,11,28_11_2020
12,8,12,Lucky Luke,Cooler Than Me,B1,SONY,8,28_11_2020
13,10,10,Miley Cyrus,Midnight Sky,RCA,SONY,10,28_11_2020
14,6,20,Master KG feat. Burna Boy & Nomcebo Zikode,Jerusalema (Remix),ELEKTRA,WARNER,1,28_11_2020
15,14,8,Clean Bandit and Mabel feat. 24kGoldn,Tick Tock,ATLANTIC,WARNER,14,28_11_2020
16,22,11,Kygo x Tina Turner,What's Love Got To DoWith It,SONY,SONY,6,28_11_2020
17,21,6,Shawn Mendes,Wonder,ISLAND,UNIVERSAL,17,28_11_2020
18,20,8,Justin Bieber feat. Chance The Rapper,Holy,DEF JAM,UNIVERSAL,18,28_11_2020
19,15,15,Sch - Kofs - Jul - Naps - Soso Maness - Elams - Solda- Houari,Bande organisée,RIEN 100 RIEN,PIAS,2,28_11_2020
20,29,3,Julien Doré,Nous,COLUMBIA,SONY,20,28_11_2020
21,19,6,Tate McRae,You Broke Me First,RCA,SONY,19,28_11_2020
22,18,10,Naza feat. Niska,Joli bébé,CAPIROLESQUE,CAPIROLESQUE,17,28_11_2020
23,NEW,1,Zola feat. Sch,9 1 1 3,AWA,SONY,23,28_11_2020
24,16,22,Zoe Wees,Control,CAROLINE,UNIVERSAL,3,28_11_2020
25,17,9,Kendji Girac feat. Gims,Dernier métro,DEF JAM,UNIVERSAL,13,28_11_2020
26,41,2,Billie Eilish,Therefore I Am,INTERSCOPE,UNIVERSAL,26,28_11_2020
27,28,6,Lost Frequencies & Mathieu Koss,Don't Leave Me Now,MOSTIKO,CNR,27,28_11_2020
28,24,7,Vitaa & Slimane,Ça ira,DEF JAM,UNIVERSAL,20,28_11_2020
29,30,7,Internet Money & Gunna feat. Don Toliver & Nav,Lemonade,CAROLINE,UNIVERSAL,29,28_11_2020
30,34,4,Dadju,Amour toxic,POLYDOR,UNIVERSAL,30,28_11_2020
31,44,3,Alliel,Ce qui nous rend fous,PARLOPHONE,WARNER,31,28_11_2020
32,43,3,Tiësto,The Business,ATLANTIC,WARNER,32,28_11_2020
33,RE,2,Mika & Soprano,Le cœur Holiday,REPUBLIC,UNIVERSAL,33,28_11_2020
34,26,7,Sam Smith,Diamonds,CAPITOL,UNIVERSAL,26,28_11_2020
35,32,15,Calogero,La rumeur,POLYDOR,UNIVERSAL,18,28_11_2020
36,NEW,1,Aya Nakamura feat. Stormzy,Plus jamais,REC. 118,WARNER,36,28_11_2020
37,37,2,Kylie Minogue,Magic,BMG RIGHTS,WARNER/ADA,37,28_11_2020
38,31,5,Koba LaD feat. Maes & Zed,Coffre plein,CAPITOL,UNIVERSAL,7,28_11_2020
39,39,4,Justin Bieber & Benny Blanco,Lonely,DEFJAM/INTERSCOPE,UNIVERSAL,37,28_11_2020
40,33,18,Louane,Donne-moi ton cœur,MERCURY,UNIVERSAL,8,28_11_2020
41,35,23,Grand Corps Malade & Camille Lellouche,Mais je t'aime,CAROLINE,UNIVERSAL,12,28_11_2020
42,NEW,1,Henri PFR x Famba feat. Chiara Castelli,No One Knows,SPINNIN',WARNER,42,28_11_2020
43,48,3,Black Eyed Peas x Nicky Jam x Tyga,Vida loca,EPIC,SONY,43,28_11_2020
44,49,4,Lucenzo,No me ama,PLAY TWO,WARNER,37,28_11_2020
45,47,15,Franglish feat. Tory Lanez,My Salsa,DEF JAM,UNIVERSAL,35,28_11_2020
46,36,18,Aya Nakamura,Jolie nana,REC. 118,WARNER,2,28_11_2020
47,NEW,1,Maluma & The Weeknd,Hawái (Remix),SONY LATIN,SONY,47,28_11_2020
48,RE,2,Ofenbach & Quarterhead feat. Norma Jean Martine,Head Shoulders Knees &Toes,SPINNIN',WARNER,47,28_11_2020
49,NEW,1,Dadju feat. Tiakola,Dieu merci,POLYDOR,UNIVERSAL,49,28_11_2020
50,46,5,Pop Smoke,What You Know BoutLove,REPUBLIC,TOPNOTCH/UNIVERSAL,38,28_11_2020
1,1,13,Dua Lipa feat. Angèle,Fever,WARNER,WARNER,1,30_01_2021
2,10,18,Vianney,Beau-papa,TOT OU TARD,PIAS,2,30_01_2021
3,2,19,David Guetta & Sia,Let's Love,PARLOPHONE,WARNER,2,30_01_2021
4,5,15,Tate McRae,You Broke Me First,RCA,SONY,4,30_01_2021
5,4,12,Tiësto,The Business,ATLANTIC,WARNER,4,30_01_2021
6,9,14,Ariana Grande,Positions,REPUBLIC,UNIVERSAL,6,30_01_2021
7,3,18,BTS,Dynamite,BIGHIT,SONY,3,30_01_2021
8,7,12,Julien Doré,Nous,COLUMBIA,SONY,7,30_01_2021
9,8,7,Indochine feat. Christine And The Queens,3Sex,RCA,SONY,8,30_01_2021
10,20,8,Kygo x Donna Summer,Hot Stuff,RCA,SONY,10,30_01_2021
11,6,18,Jason Derulo,Take You Dancing,ATLANTIC,WARNER,6,30_01_2021
12,21,6,Laura Tesoro & Loïc Nottet feat. Alex Germys,Strangers,SONY,SONY,12,30_01_2021
13,13,2,Olivia Rodrigo,Drivers License,GEFFEN,UNIVERSAL,13,30_01_2021
14,25,9,Maître Gims,Jusqu'ici tout va bien,PLAY TWO,SONY,14,30_01_2021
15,11,21,24kGoldn feat. Iann Dior,Mood,COLUMBIA,SONY,2,30_01_2021
16,34,7,Meduza feat. Dermot Kennedy,Paradise,ISLAND,UNIVERSAL,16,30_01_2021
17,24,3,Black Eyed Peas x Shakira,Girl Like Me,EPIC,SONY,17,30_01_2021
18,17,7,Lil Nas X,Holiday,COLUMBIA,SONY,17,30_01_2021
19,28,9,HVME,Goosebumps,B1,SONY,19,30_01_2021
20,18,15,Banners,Someone To You,ISLAND,UNIVERSAL,11,30_01_2021
21,23,4,Robin Schulz feat. Kiddo,All We Got,WARNER,WARNER,21,30_01_2021
22,19,11,Kylie Minogue,Magic,BMG RIGHTS,WARNER/ADA,19,30_01_2021
23,15,18,Kendji Girac feat. Gims,Dernier métro,DEF JAM,UNIVERSAL,11,30_01_2021
24,14,11,Billie Eilish,Therefore I Am,INTERSCOPE,UNIVERSAL,14,30_01_2021
25,30,18,Ava Max,Who's Laughing Now?,ATLANTIC,WARNER,4,30_01_2021
26,22,10,Henri PFR x Famba feat. Chiara Castelli,No One Knows,SPINNIN',SPINNIN',22,30_01_2021
27,RE,2,Tones And I,Fly Away,ELEKTRA,WARNER,27,30_01_2021
28,12,17,Clean Bandit and Mabel feat. 24kGoldn,Tick Tock,ATLANTIC,WARNER,8,30_01_2021
29,35,7,Amir [FR],On verra bien,PARLOPHONE,WARNER,29,30_01_2021
30,31,26,Amel Bent x Imen Es,Jusqu'au bout,DEF JAM,UNIVERSAL,6,30_01_2021
31,RE,2,Miley Cyrus feat. Dua Lipa,Prisoner,RCA/WARNER,SONY/WARNER,31,30_01_2021
32,42,4,Ed Sheeran,Afterglow,ATLANTIC,WARNER,30,30_01_2021
33,NEW,1,Jason Derulo x Nuka,Love Not War (The Tampa Beat),ROBOTS & HUMANS,SONY,33,30_01_2021
34,38,2,Ava Max,My Head & My Heart,ATLANTIC,WARNER,34,30_01_2021
35,29,10,Maluma & The Weeknd,Hawái (Remix),SONY LATIN,SONY,27,30_01_2021
36,40,3,Bad Bunny x Jhay Cortez,Dákiti,RIMAS,RIMAS,36,30_01_2021
37,43,6,Shawn Mendes / Justin Bieber,Monster,ISLAND,UNIVERSAL,37,30_01_2021
38,RE,4,M. Pokora,S'en aller,TF1,SONY,34,30_01_2021
39,37,2,Vitaa & Slimane,De l'or,DEF JAM,UNIVERSAL,37,30_01_2021
40,36,4,Louane,Désolée,MERCURY,UNIVERSAL,36,30_01_2021
41,33,2,Grand Corps Malade,Pas essentiel,CAROLINE,UNIVERSAL,33,30_01_2021
42,50,29,Master KG feat. Burna Boy & Nomcebo Zikode,Jerusalema (Remix),ELEKTRA,WARNER,1,30_01_2021
43,32,21,Lucky Luke,Cooler Than Me,B1,SONY,8,30_01_2021
44,47,4,Calogero,Celui d'en bas,POLYDOR,UNIVERSAL,38,30_01_2021
45,NEW,1,The Kid Laroi,Without You,COLUMBIA,SONY,45,30_01_2021
46,RE,10,Justin Bieber & Benny Blanco,Lonely,DEF JAM/INTERSCOPE,UNIVERSAL,37,30_01_2021
47,16,19,Miley Cyrus,Midnight Sky,RCA,SONY,6,30_01_2021
48,27,23,Joel Corry feat. MNEK,Head & Heart,ASYLUM,WARNER,3,30_01_2021
49,NEW,1,The Weeknd,Save Your Tears,REPUBLIC,UNIVERSAL,49,30_01_2021
50,NEW,1,Julie Zenatti,Paisiblement fou,VICTOR'S SONG,VICTOR'S SONG,50,30_01_2021
